,City,Lat,Lng,Max Temp,Humidity,Cloudiness,Wind Speed,Country,Date
0,Butaritari,3.0707,172.7902,301.02,75,10,6.39,KI,1643936707
1,Tuktoyaktuk,69.4541,-133.0374,243.07,100,100,4.05,CA,1643936464
2,Jumla,29.2747,82.1838,274.57,98,100,2.72,NP,1643936518
3,Eyl,7.9803,49.8164,293.94,75,0,4.72,SO,1643936708
4,Busselton,-33.65,115.3333,304.29,33,50,6.92,AU,1643936685
5,Beisfjord,68.3751,17.5988,266.18,85,100,6.44,NO,1643936708
6,Georgetown,5.4112,100.3354,300.31,78,20,3.6,MY,1643936515
7,Cabo San Lucas,22.8909,-109.9124,294.9,53,57,2.5,MX,1643936425
8,Westport,41.1415,-73.3579,281.9,96,100,1.34,US,1643936709
9,Lagoa,39.05,-27.9833,287.46,73,100,5.91,PT,1643936709
10,Ushuaia,-54.8,-68.3,278.05,80,86,0.69,AR,1643936505
11,Albany,42.6001,-73.9662,277.21,91,100,2.24,US,1643936252
12,Atuona,-9.8,-139.0333,299.07,74,4,7.03,PF,1643936678
13,Indian Head,38.6001,-77.1622,287.15,96,75,2.24,US,1643936508
14,Nioro,13.35,-15.75,296.83,32,0,1.29,GM,1643936711
15,Porto Santo,33.072,-16.3415,291.65,94,20,3.6,PT,1643936711
16,Barrow,71.2906,-156.7887,242.16,76,100,1.54,US,1643936712
17,Hobart,-42.8794,147.3294,293.29,48,9,0.45,AU,1643936396
18,Mataura,-46.1927,168.8643,285.64,98,100,1.16,NZ,1643936680
19,Punta Arenas,-53.15,-70.9167,282.1,65,11,5.78,CL,1643936557
20,Olafsvik,64.8945,-23.7142,270.64,72,99,12.92,IS,1643936713
21,Betlitsa,54.0095,33.9588,261.76,98,89,2.54,RU,1643936713
22,Taoudenni,22.6783,-3.9836,290.57,20,53,4.93,ML,1643936714
23,Luderitz,-26.6481,15.1594,293.2,70,2,6.86,NA,1643936469
24,Vanimo,-2.6741,141.3028,301.27,73,54,0.97,PG,1643936715
25,Batagay-Alyta,67.8006,130.4114,244.81,97,100,1.42,RU,1643936715
26,Vestmanna,62.1564,-7.1664,273.66,69,75,13.89,FO,1643936716
27,Faranah,10.0404,-10.7434,294.43,15,4,1.94,GN,1643936716
28,East London,-33.0153,27.9116,294.18,81,100,7.09,ZA,1643936716
29,Jamestown,42.097,-79.2353,268.87,69,100,3.58,US,1643936526
30,Northam,51.0333,-4.2167,283.94,92,100,10.17,GB,1643936717
31,Saskylakh,71.9167,114.0833,245.87,97,100,0.74,RU,1643936718
32,Sorland,67.667,12.6934,269.81,71,100,15.95,NO,1643936518
33,Cherskiy,68.75,161.3,239.04,99,35,1.5,RU,1643936719
34,Presque Isle,46.6811,-68.0159,267.14,74,100,2.24,US,1643936719
35,Viziru,45.0167,27.7,271.92,70,7,2.42,RO,1643936720
36,Tasiilaq,65.6145,-37.6368,262.24,61,100,3.1,GL,1643936720
37,Port Elizabeth,-33.918,25.5701,292.94,75,96,6.11,ZA,1643936528
38,Ribeira Grande,38.5167,-28.7,288.01,74,100,8.49,PT,1643936673
39,Berlevag,70.8578,29.0864,268.0,79,100,6.72,NO,1643936721
40,Sungaipenuh,-2.0833,101.3833,292.82,91,93,1.26,ID,1643936721
41,El Segundo,33.9192,-118.4165,292.97,58,40,1.34,US,1643936635
42,Vaini,-21.2,-175.2,303.24,79,75,5.14,TO,1643936722
43,Virginia Beach,36.8529,-75.978,291.16,72,75,0.89,US,1643936706
44,Boende,-0.2167,20.8667,292.17,98,99,1.11,CD,1643936723
45,Qaanaaq,77.484,-69.3632,247.51,57,100,3.59,GL,1643936723
46,Hithadhoo,-0.6,73.0833,300.7,73,100,4.21,MV,1643936723
47,Ilulissat,69.2167,-51.1,266.16,49,100,7.2,GL,1643936724
48,Thompson,55.7435,-97.8558,244.29,96,17,2.39,CA,1643936724
49,Port Hedland,-20.3167,118.5667,304.18,55,100,7.72,AU,1643936725
50,Evensk,61.95,159.2333,264.12,44,59,9.71,RU,1643936725
51,Chuy,-33.6971,-53.4616,297.15,89,100,2.69,UY,1643936726
52,Severo-Kurilsk,50.6789,156.125,272.76,87,100,5.14,RU,1643936726
53,Mar Del Plata,-38.0023,-57.5575,295.42,93,100,1.79,AR,1643936727
54,Komsomolskiy,40.4272,71.7189,270.55,80,2,2.06,UZ,1643936674
55,Grindavik,63.8424,-22.4338,270.41,68,75,8.23,IS,1643936728
56,Atambua,-9.1061,124.8925,299.04,80,65,2.8,ID,1643936728
57,Ndele,8.4109,20.6473,294.64,21,51,2.11,CF,1643936728
58,Batticaloa,7.7102,81.6924,296.24,81,0,1.07,LK,1643936729
59,Moroceli,14.1167,-86.8667,295.07,48,0,1.39,HN,1643936729
60,Dingle,10.9995,122.6711,299.93,79,70,6.64,PH,1643936730
61,Asyut,27.181,31.1837,283.41,51,0,4.6,EG,1643936730
62,Chicama,-7.8447,-79.1469,292.45,71,44,3.21,PE,1643936731
63,Salalah,17.0151,54.0924,295.35,34,6,3.35,OM,1643936549
64,Rikitea,-23.1203,-134.9692,298.69,74,100,7.71,PF,1643936732
65,Sonqor,34.7837,47.6004,274.67,66,99,1.65,IR,1643936732
66,Sechura,-5.5569,-80.8222,296.24,71,35,6.66,PE,1643936505
67,Petropavlovsk-Kamchatskiy,53.0452,158.6483,271.48,47,75,4.0,RU,1643936596
68,Hofn,64.2539,-15.2082,271.72,55,100,9.55,IS,1643936734
69,Gescher,51.954,7.0048,280.59,85,100,5.96,DE,1643936734
70,Kuusamo,65.9667,29.1833,247.17,84,95,0.51,FI,1643936735
71,Mahebourg,-20.4081,57.7,299.96,89,100,10.3,MU,1643936465
72,Adrar,20.5022,-10.0711,289.69,18,0,4.5,MR,1643936735
73,Hermanus,-34.4187,19.2345,289.21,72,100,4.26,ZA,1643936736
74,Noumea,-22.2763,166.4572,305.14,91,100,3.22,NC,1643936736
75,Touros,-5.1989,-35.4608,300.3,75,83,5.96,BR,1643936498
76,Puerto Ayora,-0.7393,-90.3518,297.34,92,10,1.79,EC,1643936615
77,Pevek,69.7008,170.3133,245.56,98,25,1.05,RU,1643936737
78,Santa Isabel,-23.3156,-46.2214,296.29,98,37,1.12,BR,1643936643
79,Belaya Gora,68.5333,146.4167,235.76,100,39,0.53,RU,1643936738
80,Singaraja,-8.112,115.0882,300.91,71,100,2.38,ID,1643936738
81,Chokurdakh,70.6333,147.9167,239.81,100,71,0.39,RU,1643936739
82,Bluff,-46.6,168.3333,285.82,82,100,0.78,NZ,1643936739
83,Oparino,59.8518,48.2783,256.44,100,97,1.58,RU,1643936739
84,Launceston,-41.45,147.1667,295.16,34,4,1.79,AU,1643936740
85,Crown Point,41.417,-87.3653,268.92,74,100,6.17,US,1643936441
86,Margate,51.3813,1.3862,282.57,86,100,8.48,GB,1643936488
87,Nanortalik,60.1432,-45.2371,270.22,90,100,5.3,GL,1643936460
88,Arraial Do Cabo,-22.9661,-42.0278,297.25,91,100,4.87,BR,1643936741
89,Strezhevoy,60.7333,77.5889,267.14,90,100,6.09,RU,1643936741
90,Ontario,34.0633,-117.6509,291.21,22,75,0.45,US,1643936636
91,Dikson,73.5069,80.5464,251.2,94,100,2.56,RU,1643936543
92,Omboue,-1.5746,9.2618,297.7,86,100,1.39,GA,1643936742
93,Byron Bay,-28.65,153.6167,299.12,84,71,8.99,AU,1643936736
94,Quatre Cocos,-20.2078,57.7625,299.87,89,100,9.59,MU,1643936743
95,Nanhai,30.1282,111.7784,277.3,63,0,0.4,CN,1643936744
96,Lodingen,68.414,15.9951,266.23,72,100,6.0,NO,1643936744
97,Ancud,-41.8697,-73.8203,289.39,96,47,2.23,CL,1643936516
98,Quesnel,52.9999,-122.5029,271.43,86,100,3.09,CA,1643936608
99,Castlemaine,-37.0667,144.2167,294.29,34,0,6.16,AU,1643936746
100,Kodiak,57.79,-152.4072,277.88,87,100,4.63,US,1643936664
101,Cape Town,-33.9258,18.4232,290.01,63,44,1.79,ZA,1643936489
102,Kavieng,-2.5744,150.7967,301.17,74,100,2.08,PG,1643936678
103,Castro,-24.7911,-50.0119,291.68,97,100,2.29,BR,1643936573
104,Cabedelo,-6.9811,-34.8339,300.52,74,98,5.82,BR,1643936747
105,Grand Gaube,-20.0064,57.6608,300.03,83,100,5.81,MU,1643936748
106,Upernavik,72.7868,-56.1549,257.15,66,100,2.45,GL,1643936748
107,Klaksvik,62.2266,-6.589,274.66,74,96,20.23,FO,1643936749
108,Takoradi,4.8845,-1.7554,298.93,85,5,3.04,GH,1643936749
109,Bairiki,1.3292,172.9752,304.15,74,40,3.6,KI,1643936750
110,Quelimane,-17.8786,36.8883,295.8,94,15,1.53,MZ,1643936750
111,Verkhoyansk,67.5447,133.385,235.02,100,86,0.76,RU,1643936751
112,Saint George,37.1041,-113.5841,279.48,25,0,8.75,US,1643936467
113,Sao Filipe,14.8961,-24.4956,296.34,74,0,4.14,CV,1643936751
114,Emmett,43.8735,-116.4993,274.82,88,94,1.22,US,1643936752
115,Batagay,67.6333,134.6333,235.05,98,80,0.71,RU,1643936753
116,Broome,42.2506,-75.833,275.02,78,100,1.34,US,1643936753
117,Abu Kamal,34.4506,40.9171,284.07,50,100,4.72,SY,1643936754
118,Lebu,-37.6167,-73.65,288.75,92,19,5.87,CL,1643936754
119,Muros,42.7762,-9.0603,284.87,94,100,1.98,ES,1643936754
120,Bantry,51.6833,-9.45,279.14,89,100,5.02,IE,1643936755
121,Rawson,-43.3002,-65.1023,293.25,60,100,4.37,AR,1643936463
122,Saint-Pierre,-21.3393,55.4781,298.95,88,100,8.9,RE,1643936755
123,Port Alfred,-33.5906,26.891,294.11,75,98,7.74,ZA,1643936756
124,Bathsheba,13.2167,-59.5167,298.07,66,2,5.88,BB,1643936467
125,Kapaa,22.0752,-159.319,298.41,65,0,0.89,US,1643936756
126,Kahului,20.8947,-156.47,301.74,59,0,7.72,US,1643936595
127,Nikolskoye,59.7035,30.7861,255.32,100,100,0.96,RU,1643936757
128,Businga,3.3333,20.8833,294.1,50,84,1.18,CD,1643936757
129,Coquimbo,-29.9533,-71.3436,291.19,80,6,2.42,CL,1643936758
130,Vila Velha,-20.3297,-40.2925,298.12,96,75,2.68,BR,1643936758
131,Bethel,41.3712,-73.414,279.98,96,100,0.0,US,1643936759
132,Pisco,-13.7,-76.2167,294.18,78,0,7.72,PE,1643936759
133,Atherton,53.5237,-2.4935,282.92,90,100,4.47,GB,1643936760
134,Lenine,45.2986,35.7771,274.91,83,100,7.38,UA,1643936760
135,Muncar,-8.4333,114.3333,300.4,75,98,1.43,ID,1643936761
136,Tazovskiy,67.4667,78.7,256.7,96,100,3.28,RU,1643936761
137,Santa Fe,-31.6333,-60.7,298.72,80,0,1.34,AR,1643936762
138,Airai,-8.9266,125.4092,293.86,73,94,1.51,TL,1643936762
139,Ligatne,57.2343,25.0406,266.07,93,78,0.89,LV,1643936763
140,Vao,-22.6667,167.4833,297.92,91,100,3.72,NC,1643936764
141,Vetluzhskiy,58.3902,45.4654,255.28,100,100,1.05,RU,1643936764
142,Zihuatanejo,17.6333,-101.55,300.2,65,0,0.0,MX,1643936764
143,Avarua,-21.2078,-159.775,302.18,79,40,6.69,CK,1643936765
144,Haines Junction,60.7522,-137.5108,256.02,98,100,1.44,CA,1643936765
145,Khatanga,71.9667,102.5,236.96,100,89,1.75,RU,1643936677
146,Garissa,-0.4536,39.6401,298.77,67,15,2.82,KE,1643936766
147,Tura,25.5198,90.2201,287.54,70,100,1.84,IN,1643936766
148,Iwanai,42.9744,140.5089,269.29,80,100,6.07,JP,1643936767
149,Bredasdorp,-34.5322,20.0403,287.75,67,100,2.47,ZA,1643936528
150,Horsham,51.064,-0.3272,282.88,83,75,4.12,GB,1643936768
151,Kirakira,-10.4544,161.9205,301.44,79,100,4.39,SB,1643936768
152,Victoria,22.2855,114.1577,287.73,74,88,0.45,HK,1643936643
153,Sainte-Marie,-20.8968,55.5496,299.22,94,100,6.17,RE,1643936769
154,San Cristobal,7.7669,-72.225,297.25,63,85,0.65,VE,1643936755
155,Rocha,-34.4833,-54.3333,294.4,97,100,1.88,UY,1643936769
156,Urucui,-7.2294,-44.5561,299.55,61,71,0.46,BR,1643936770
157,Madera,37.1666,-119.8343,287.58,59,81,0.6,US,1643936771
158,Provideniya,64.3833,-173.3,258.08,59,11,10.72,RU,1643936771
159,Nizhnyaya Omka,55.4338,74.9426,262.23,85,99,5.32,RU,1643936772
160,Verkhnevilyuysk,63.4453,120.3167,238.57,100,72,1.57,RU,1643936772
161,La Tuque,47.4334,-72.7824,256.91,90,100,3.12,CA,1643936773
162,Bilma,18.6853,12.9164,285.4,27,0,6.49,NE,1643936773
163,New Norfolk,-42.7826,147.0587,293.1,36,2,0.89,AU,1643936774
164,Bonfim,3.0833,-59.95,300.87,58,19,4.17,BR,1643936774
165,Qasigiannguit,68.8193,-51.1922,266.29,85,100,8.25,GL,1643936774
166,Lethem,3.3803,-59.7968,301.01,60,23,4.91,GY,1643936775
167,Lorengau,-2.0226,147.2712,302.34,66,100,3.85,PG,1643936608
168,Sulangan,11.1373,123.7228,299.54,81,86,7.78,PH,1643936775
169,Hillsborough,37.5741,-122.3794,289.86,70,75,5.66,US,1643936724
170,Shimoda,34.6667,138.95,278.21,60,100,2.45,JP,1643936668
171,Port Blair,11.6667,92.75,296.92,78,14,3.25,IN,1643936665
172,Saldanha,-33.0117,17.9442,289.68,81,0,8.5,ZA,1643936541
173,Alice Springs,-23.7,133.8833,295.9,35,93,8.23,AU,1643936777
174,Iqaluit,63.7506,-68.5145,244.39,94,100,1.51,CA,1643936516
175,Williams Lake,52.1415,-122.1445,266.61,87,99,2.14,CA,1643936778
176,Saint-Joseph,-21.3667,55.6167,298.35,91,100,12.8,RE,1643936717
177,Teeli,51.0333,90.2333,245.71,89,17,0.54,RU,1643936778
178,Nguru,12.8791,10.4526,288.41,18,0,5.55,NG,1643936779
179,Cidreira,-30.1811,-50.2056,297.59,88,76,10.25,BR,1643936779
180,Tamala,52.541,43.2515,271.55,98,100,4.11,RU,1643936780
181,Tungor,53.3808,142.9564,257.05,93,100,10.67,RU,1643936780
182,Lavrentiya,65.5833,-171.0,254.35,66,0,8.68,RU,1643936781
183,Asmara,15.3333,38.9333,286.39,55,0,0.39,ER,1643936781
184,Cefalu,38.0386,14.0229,285.67,40,16,1.34,IT,1643936781
185,Ixtapa,20.7,-105.2,296.72,64,75,3.6,MX,1643936695
186,Wajir,1.7471,40.0573,298.51,66,99,6.78,KE,1643936782
187,Shache,38.4167,77.2406,269.17,46,100,1.27,CN,1643936783
188,Hilo,19.7297,-155.09,298.0,74,75,4.63,US,1643936726
189,Beyneu,45.3167,55.2,275.23,69,100,9.83,KZ,1643936783
190,Carnarvon,-24.8667,113.6333,305.2,37,7,3.72,AU,1643936784
191,Pacific Grove,36.6177,-121.9166,290.37,76,0,0.45,US,1643936784
192,Praia,14.9215,-23.5087,294.45,68,0,3.09,CV,1643936785
193,Gimbi,9.1667,35.8333,291.3,39,99,1.41,ET,1643936785
194,Rong Kwang,18.339,100.3174,295.68,71,9,0.83,TH,1643936785
195,Longyearbyen,78.2186,15.6401,263.06,73,75,3.6,SJ,1643936786
196,Souillac,-20.5167,57.5167,300.02,88,100,8.27,MU,1643936786
197,Sur,22.5667,59.5289,292.88,49,0,1.68,OM,1643936787
198,Luebo,-5.35,21.4167,292.36,99,100,0.47,CD,1643936787
199,Bistra,46.3833,23.1,266.33,91,99,0.66,RO,1643936788
200,Capitan Bado,-23.2667,-55.5333,294.31,96,100,5.65,PY,1643936788
201,Janauba,-15.8025,-43.3089,295.31,85,77,1.84,BR,1643936552
202,Palora,-1.7,-77.9333,293.86,87,100,1.34,EC,1643936789
203,Lima,-12.0432,-77.0282,295.32,76,84,0.45,PE,1643936522
204,Yerbogachen,61.2767,108.0108,256.39,98,99,1.44,RU,1643936790
205,Rio Grande,-32.035,-52.0986,298.12,85,100,5.35,BR,1643936790
206,Tawang,27.5833,91.8667,269.06,73,95,2.53,IN,1643936791
207,Nome,64.5011,-165.4064,258.21,72,100,14.9,US,1643936548
208,Santa Lucia,27.9117,-15.5407,289.69,64,0,2.06,ES,1643936792
209,Koslan,63.4564,48.8989,259.84,98,95,1.12,RU,1643936792
210,Usinsk,65.9939,57.5281,263.98,96,100,3.54,RU,1643936793
211,Aksaray,38.3726,34.0254,272.92,90,100,0.74,TR,1643936793
212,Tessalit,20.1986,1.0114,287.49,16,0,5.2,ML,1643936793
213,Teya,60.3778,92.6267,261.39,93,100,2.84,RU,1643936794
214,Yellowknife,62.456,-114.3525,241.79,91,31,1.34,CA,1643936532
215,Bokoro,12.3807,17.0568,291.24,16,67,5.58,TD,1643936794
216,Sandakan,5.8402,118.1179,299.13,81,42,1.1,MY,1643936795
217,Isangel,-19.55,169.2667,302.21,84,100,2.06,VU,1643936576
218,Simbahan,6.3032,120.5836,300.28,78,62,7.03,PH,1643936795
219,Tete,-16.1564,33.5867,297.13,89,15,0.29,MZ,1643936796
220,Kavaratti,10.5669,72.642,299.43,64,1,3.54,IN,1643936796
221,Bacolod,10.6667,122.95,301.23,69,95,6.32,PH,1643936713
222,Derzhavinsk,51.1,66.3167,258.49,82,85,3.01,KZ,1643936797
223,Sao Miguel Do Iguacu,-25.3481,-54.2378,297.71,98,100,1.21,BR,1643936797
224,Jabinyanah,35.035,10.9081,285.4,78,3,6.03,TN,1643936798
225,Acapulco,16.8634,-99.8901,299.05,73,0,3.6,MX,1643936798
226,Alyangula,-13.8483,136.4192,301.27,75,100,5.96,AU,1643936798
227,Dawson Creek,55.7666,-120.2362,253.95,78,100,4.12,CA,1643936799
228,Acarau,-2.8856,-40.12,299.39,82,99,6.0,BR,1643936593
229,Mirnyy,62.5353,113.9611,246.61,100,87,0.77,RU,1643936684
230,Kruisfontein,-34.0033,24.7314,290.08,84,52,4.69,ZA,1643936800
231,Honningsvag,70.9821,25.9704,269.72,71,32,9.14,NO,1643936800
232,Sitka,57.0531,-135.33,279.09,87,100,3.6,US,1643936801
233,Likasi,-10.9814,26.7333,289.76,97,100,2.23,CD,1643936801
234,Gonen,40.1049,27.654,279.27,52,58,5.87,TR,1643936802
235,Avera,33.194,-82.5271,295.21,67,100,6.41,US,1643936802
236,Guerrero Negro,27.9769,-114.0611,290.0,28,0,7.6,MX,1643936695
237,Vryburg,-26.9566,24.7284,291.0,83,100,2.52,ZA,1643936803
238,College,64.8569,-147.8028,256.48,54,75,2.06,US,1643936803
239,Kulhudhuffushi,6.6221,73.07,300.09,71,18,4.28,MV,1643936804
240,Dauphin,51.1494,-100.0502,248.23,77,75,1.54,CA,1643936804
241,Rantepao,-2.9701,119.8978,296.74,74,100,0.58,ID,1643936805
242,Cayenne,4.9333,-52.3333,298.76,88,75,2.68,GF,1643936544
243,Carutapera,-1.195,-46.02,297.59,90,100,2.97,BR,1643936805
244,Narsaq,60.9167,-46.05,270.27,95,100,4.84,GL,1643936806
245,Fortuna,40.5982,-124.1573,285.61,79,0,0.89,US,1643936806
246,Kosh-Agach,50.0,88.6667,241.48,100,97,1.24,RU,1643936806
247,Baruun-Urt,46.6806,113.2792,249.76,93,6,2.74,MN,1643936807
248,Yarmouth,41.7057,-70.2286,282.21,98,100,2.06,US,1643936807
249,Black River,18.0264,-77.8487,297.58,81,3,1.48,JM,1643936808
250,Mayo,38.8876,-76.5119,287.34,94,100,0.45,US,1643936808
251,Aklavik,68.2191,-135.0107,239.44,99,11,2.84,CA,1643936809
252,Bijar,35.8668,47.6051,265.19,78,8,2.37,IR,1643936809
253,Oriximina,-1.7656,-55.8661,299.06,78,100,0.83,BR,1643936810
254,Portland,45.5234,-122.6762,283.48,86,75,1.79,US,1643936371
255,Wanning,18.8003,110.3967,290.98,88,100,4.67,CN,1643936811
256,Isabela,6.7085,121.9711,301.53,64,100,0.58,PH,1643936812
257,Lazaro Cardenas,17.9583,-102.2,296.81,69,0,2.95,MX,1643936779
258,Islamkot,24.6997,70.177,288.71,33,0,3.15,PK,1643936812
259,Littleton,39.6133,-105.0166,267.74,70,20,2.06,US,1643936536
260,Havelock,34.8791,-76.9013,292.07,83,100,2.68,US,1643936813
261,Atasu,48.6814,71.6433,255.02,83,0,2.47,KZ,1643936813
262,Kifri,34.6959,44.9661,285.45,41,96,3.33,IQ,1643936814
263,Tuatapere,-46.1333,167.6833,285.83,91,100,1.86,NZ,1643936814
264,Clyde River,70.4692,-68.5914,252.01,96,100,6.72,CA,1643936815
265,Honiara,-9.4333,159.95,298.66,97,100,5.27,SB,1643936580
266,Amapa,1.0,-52.0,295.92,97,100,1.8,BR,1643936815
267,Naze,28.3667,129.4833,285.36,75,100,8.27,JP,1643936816
268,Siedlce,52.1677,22.2901,274.02,98,100,2.67,PL,1643936816
269,Sao Felix Do Xingu,-6.6447,-51.995,295.74,90,5,0.7,BR,1643936816
270,Labuhan,-6.8844,112.2051,299.69,81,89,2.52,ID,1643936817
271,Bukachacha,52.9833,116.9167,248.47,89,14,1.61,RU,1643936817
272,Douentza,14.9951,-2.9517,292.73,14,4,1.89,ML,1643936818
273,Cabreuva,-23.3075,-47.1328,296.45,94,100,1.13,BR,1643936795
274,Tiksi,71.6872,128.8694,249.13,100,100,2.95,RU,1643936818
275,Yulara,-25.2406,130.9889,298.06,27,95,9.26,AU,1643936819
276,Sao Miguel,-5.4667,-35.3667,300.58,74,19,6.3,BR,1643936819
277,Marrakesh,31.6315,-8.0083,287.19,47,0,1.54,MA,1643936820
278,Zaysan,47.4667,84.8667,251.95,85,80,1.36,KZ,1643936813
279,Camocim De Sao Felix,-8.3586,-35.7619,293.52,91,100,3.0,BR,1643936820
280,Ostrovnoy,68.0531,39.5131,263.54,93,100,1.66,RU,1643936821
281,Ponta Do Sol,32.6667,-17.1,292.04,78,53,2.24,PT,1643936821
282,Hambantota,6.1241,81.1185,295.34,100,20,0.51,LK,1643936821
283,Coihaique,-45.5752,-72.0662,289.12,67,75,2.06,CL,1643936822
284,Bubaque,11.2833,-15.8333,298.36,74,0,5.54,GW,1643936822
285,Mitsamiouli,-11.3847,43.2844,300.96,76,100,4.26,KM,1643936823
286,Alexandria,31.2156,29.9553,284.33,64,14,9.42,EG,1643936823
287,Yuzhnouralsk,54.4418,61.2536,267.82,83,100,6.18,RU,1643936823
288,Cradock,-32.1642,25.6192,289.5,87,57,3.43,ZA,1643936824
289,Dom Pedrito,-30.9828,-54.6731,294.27,93,100,3.94,BR,1643936824
290,Malanje,-9.5402,16.341,290.52,88,100,0.68,AO,1643936825
291,Broken Hill,-31.95,141.4333,292.54,34,0,8.97,AU,1643936825
292,Aksu,41.1231,80.2644,268.26,57,100,1.36,CN,1643936825
293,Manuk Mangkaw,4.8,119.85,300.17,74,22,4.53,PH,1643936826
294,San-Pedro,4.7485,-6.6363,298.9,86,2,1.93,CI,1643936642
295,Olga,43.7444,135.2892,261.94,50,11,6.67,RU,1643936827
296,Caledon,-34.23,19.4265,287.69,75,100,1.59,ZA,1643936827
297,Nhulunbuy,-12.2333,136.7667,302.56,74,100,6.56,AU,1643936741
298,Diego De Almagro,-26.3667,-70.05,291.98,36,0,1.17,CL,1643936827
299,Tagusao,9.1924,117.8141,301.04,71,9,4.39,PH,1643936828
300,Tautira,-17.7333,-149.15,305.16,76,39,6.89,PF,1643936828
301,Kamenka,51.3223,42.7678,271.34,99,100,1.85,RU,1643936829
302,Fort Nelson,58.8053,-122.7002,251.64,98,100,1.59,CA,1643936829
303,Lasem,-6.6922,111.4527,299.39,81,97,2.05,ID,1643936830
304,Goderich,43.7501,-81.7165,264.21,86,100,6.95,CA,1643936830
305,Ilhabela,-23.7781,-45.3581,297.61,91,61,4.41,BR,1643936831
306,Oranjemund,-28.55,16.4333,290.82,81,3,8.86,NA,1643936547
307,Pullman,46.7313,-117.1796,273.54,90,99,0.45,US,1643936550
308,Susangerd,31.5608,48.1831,286.78,49,100,3.81,IR,1643936832
309,Bonavista,48.6499,-53.1147,277.1,86,100,13.93,CA,1643936832
310,Aljezur,37.3191,-8.8033,285.05,59,77,1.13,PT,1643936833
311,Ahipara,-35.1667,173.1667,298.23,70,99,6.58,NZ,1643936833
312,Saint-Augustin,51.226,-58.6502,262.06,69,100,8.22,CA,1643936617
313,Skjervoy,70.0311,20.9714,266.12,75,86,13.75,NO,1643936834
314,Novooleksiyivka,46.2269,34.6428,272.93,90,100,6.43,UA,1643936834
315,Fuling,29.7022,107.3919,281.14,70,99,0.6,CN,1643936835
316,Balikpapan,-1.2675,116.8289,300.7,89,20,2.06,ID,1643936835
317,Saint-Philippe,-21.3585,55.7679,298.9,93,100,15.03,RE,1643936836
318,Zalari,53.5584,102.5065,248.1,100,95,0.78,RU,1643936836
319,Minna,9.6139,6.5569,297.39,11,2,4.98,NG,1643936837
320,Mersing,2.4312,103.8405,299.65,81,47,4.4,MY,1643936837
321,Bardiyah,31.7561,25.0865,285.36,64,41,12.78,LY,1643936838
322,Deniliquin,-35.5333,144.9667,296.48,28,0,4.33,AU,1643936838
323,Gamba,-2.65,10.0,296.38,90,100,0.92,GA,1643936839
324,Kittery,43.0881,-70.7362,279.55,95,100,1.54,US,1643936839
325,Flinders,-34.5833,150.8552,296.37,59,60,6.78,AU,1643936840
326,Kalyazin,57.2403,37.8433,265.94,99,100,1.47,RU,1643936840
327,Redlands,34.0556,-117.1825,290.46,24,4,0.45,US,1643936793
328,Norman Wells,65.282,-126.8329,235.65,100,10,1.22,CA,1643936841
329,Schlitz,50.6742,9.561,278.34,95,88,3.13,DE,1643936842
330,Namatanai,-3.6667,152.4333,301.48,72,92,4.35,PG,1643936842
331,Saint-Louis,16.3333,-15.0,297.02,9,0,4.68,SN,1643936843
332,West Wendover,40.7391,-114.0733,270.65,54,77,1.31,US,1643936843
333,Torbay,47.6666,-52.7314,276.63,84,100,3.58,CA,1643936727
334,Severo-Yeniseyskiy,60.3725,93.0408,259.82,93,94,3.51,RU,1643936844
335,Rafaela,-31.2503,-61.4867,298.74,71,0,1.34,AR,1643936845
336,Nouadhibou,20.931,-17.0347,292.33,72,5,4.2,MR,1643936845
337,Tezu,27.9167,96.1667,286.02,57,81,1.79,IN,1643936846
338,Korla,41.7597,86.1469,269.13,46,100,3.27,CN,1643936846
339,Pavlohrad,48.5167,35.8667,272.68,95,98,4.12,UA,1643936846
340,Novyy Urengoy,66.0833,76.6333,257.36,98,100,2.25,RU,1643936847
341,Tigil,57.8,158.6667,263.36,86,100,1.07,RU,1643936847
342,Geraldton,-28.7667,114.6,308.78,13,0,10.8,AU,1643936848
343,Heishan,41.6892,122.1128,262.16,42,0,5.38,CN,1643936718
344,Esperance,-33.8667,121.9,296.13,53,2,5.88,AU,1643936821
345,Vanavara,60.34,102.2797,261.26,94,100,3.97,RU,1643936849
346,Davila,18.4726,120.5763,299.58,70,0,8.55,PH,1643936849
347,Puerto Escondido,15.85,-97.0667,299.61,73,0,0.0,MX,1643936850
348,Taltal,-25.4,-70.4833,293.46,68,0,1.73,CL,1643936675
349,Harper,4.375,-7.7169,298.9,84,13,1.75,LR,1643936850
350,Manggar,-2.8833,108.2667,300.69,73,35,1.0,ID,1643936851
351,Jalu,29.0331,21.5482,283.66,57,6,5.86,LY,1643936575
352,Sanaur,30.3025,76.4553,283.26,98,100,2.41,IN,1643936852
353,Turukhansk,65.8167,87.9833,257.93,95,99,5.19,RU,1643936852
354,Livny,52.4253,37.6069,266.82,97,100,2.25,RU,1643936852
355,Belmonte,-15.8631,-38.8828,300.43,81,84,3.22,BR,1643936853
356,Slavonice,48.9975,15.3515,276.74,92,98,0.87,CZ,1643936853
357,Chernihiv,51.0,32.0,264.61,96,85,4.6,UA,1643936854
358,Kichera,55.9375,110.0997,253.49,98,100,0.7,RU,1643936854
359,Shamary,57.3434,58.2199,269.73,98,100,0.56,RU,1643936855
360,Mandalgovi,45.7625,106.2708,257.03,73,33,4.71,MN,1643936617
361,Jalapa,19.5333,-96.9167,288.8,96,47,1.37,MX,1643936792
362,Abeche,13.8292,20.8324,290.69,14,9,3.79,TD,1643936856
363,Beloye,48.4952,39.0505,273.58,98,100,4.67,UA,1643936856
364,Mehamn,71.0357,27.8492,266.7,81,97,5.84,NO,1643936856
365,Saveh,35.0213,50.3566,279.05,58,1,0.18,IR,1643936857
366,Marsa Matruh,31.3525,27.2453,286.4,70,100,14.24,EG,1643936857
367,Kangaatsiaq,68.3065,-53.4641,262.98,86,100,13.22,GL,1643936818
368,Esmeraldas,-19.7625,-44.3139,295.63,89,98,0.47,BR,1643936858
369,Nishihara,26.1842,127.7558,290.75,92,100,4.63,JP,1643936858
370,Puerto Colombia,10.9878,-74.9547,300.2,83,0,11.48,CO,1643936859
371,Polunochnoye,60.8697,60.4153,256.5,99,97,1.4,RU,1643936859
372,Moose Factory,51.2585,-80.6094,243.1,99,11,1.7,CA,1643936748
373,Bafut,6.0833,10.1,292.63,28,56,0.3,CM,1643936860
374,Houlton,46.1262,-67.8403,267.38,82,100,6.17,US,1643936860
375,Alakurtti,66.9672,30.3491,258.01,99,92,0.49,RU,1643936861
376,Beloha,-25.1667,45.05,295.22,92,8,4.91,MG,1643936861
377,Samarai,-10.6167,150.6667,302.35,69,98,3.48,PG,1643936862
378,Namibe,-15.1961,12.1522,295.1,77,2,3.17,AO,1643936613
379,Mount Gambier,-37.8333,140.7667,293.37,47,13,4.05,AU,1643936752
380,Ecoporanga,-18.3733,-40.8306,295.61,96,100,1.41,BR,1643936862
381,Chiplun,17.5333,73.5167,290.41,88,97,1.05,IN,1643936863
382,Akyab,20.15,92.9,290.13,67,0,3.1,MM,1643936863
383,Columbia,34.0007,-81.0348,293.86,69,100,7.2,US,1643936687
384,Yar-Sale,66.8333,70.8333,251.45,99,99,2.46,RU,1643936592
385,Puerto Asis,0.5133,-76.5007,299.06,71,95,0.92,CO,1643936864
386,Vila Franca Do Campo,37.7167,-25.4333,288.81,82,100,4.51,PT,1643936865
387,Bonthe,7.5264,-12.505,297.8,88,2,1.08,SL,1643936587
388,Palmer,42.1584,-72.3287,279.34,85,100,0.52,US,1643936865
389,Kamwenge,0.1866,30.4539,291.46,60,100,0.1,UG,1643936866
390,Kribi,2.95,9.9167,299.37,79,100,2.5,CM,1643936866
391,Ust-Maya,60.4167,134.5333,245.83,96,100,1.12,RU,1643936867
392,Itarema,-2.9248,-39.9167,299.14,83,98,5.45,BR,1643936867
393,Bengkulu,-3.8004,102.2655,298.12,86,96,1.39,ID,1643936847
394,Kasungu,-13.0333,33.4833,291.25,95,74,1.0,MW,1643936868
395,Caucaia,-3.7361,-38.6531,301.12,76,40,3.6,BR,1643936868
396,Goma,-1.6792,29.2228,291.11,79,100,1.22,CD,1643936869
397,Sisimiut,66.9395,-53.6735,262.3,75,64,15.17,GL,1643936869
398,Newport,51.5877,-2.9984,283.9,86,100,10.27,GB,1643936870
399,Lakes Entrance,-37.8811,147.981,294.35,68,77,1.81,AU,1643936871
400,Bara,10.3744,10.7288,291.16,21,37,3.76,NG,1643936871
401,Port Lavaca,28.615,-96.6261,274.25,89,100,7.72,US,1643936872
402,Kieta,-6.2167,155.6333,298.26,91,100,2.09,PG,1643936872
403,Hereford,52.0568,-2.7148,283.74,88,100,4.02,GB,1643936872
404,Oussouye,12.485,-16.5469,294.99,72,0,2.86,SN,1643936873
405,Kautokeino,69.0125,23.0412,254.23,100,98,1.54,NO,1643936873
406,Praya,14.9215,-23.5087,294.45,68,0,3.09,CV,1643936785
407,Omsk,55.0,73.4,259.09,77,0,1.79,RU,1643936874
408,Buchanan,5.8808,-10.0467,299.24,84,1,2.1,LR,1643936875
409,Codrington,-38.2667,141.9667,291.92,61,72,6.57,AU,1643936875
410,Port Lincoln,-34.7333,135.8667,291.84,63,67,7.0,AU,1643936875
411,Calvinia,-31.4707,19.776,290.25,66,0,1.74,ZA,1643936876
412,Iguape,-24.7081,-47.5553,297.28,91,100,4.34,BR,1643936876
413,Dakar,14.6937,-17.4441,295.64,71,0,3.48,SN,1643936877
414,Mantua,45.1667,10.7833,281.34,89,80,1.71,IT,1643936877
415,Dwarka,22.2394,68.9678,292.79,48,5,2.91,IN,1643936867
416,Sechelt,49.4664,-123.7694,279.85,97,100,1.85,CA,1643936598
417,Wewak,-3.5534,143.6268,301.85,66,42,2.14,PG,1643936878
418,Peniche,39.3558,-9.3811,285.72,84,99,1.13,PT,1643936878
419,Syracuse,37.0881,15.2792,283.32,53,1,3.35,IT,1643936879
420,Te Anau,-45.4167,167.7167,281.96,96,100,1.45,NZ,1643936738
421,Norsup,-16.0667,167.3833,298.4,92,100,3.13,VU,1643936879
422,Hualmay,-11.0964,-77.6139,294.96,79,66,4.09,PE,1643936717
423,Arman,59.7,150.1667,260.1,74,91,4.62,RU,1643936880
424,Wad Madani,14.4012,33.5199,296.66,16,0,7.66,SD,1643936880
425,Sigli,5.3848,95.9609,299.29,79,17,1.12,ID,1643936881
426,Igrim,63.1906,64.4162,261.4,96,100,0.34,RU,1643936881
427,Campbeltown,55.4258,-5.6076,278.18,59,100,11.31,GB,1643936882
428,Colonelganj,27.1333,81.7,285.59,90,0,6.35,IN,1643936882
429,Shelby,35.2001,-89.8668,271.45,92,100,6.17,US,1643936597
430,State College,40.7934,-77.86,276.37,95,100,0.45,US,1643936751
431,Casablanca,33.5928,-7.6192,290.0,72,100,2.68,MA,1643936883
432,Vestmannaeyjar,63.4427,-20.2734,269.98,67,11,16.09,IS,1643936884
433,Sakakah,29.9697,40.2064,284.97,48,0,6.8,SA,1643936884
434,Conde,-7.2597,-34.9075,299.85,83,20,4.12,BR,1643936885
435,Aloleng,16.1307,119.7824,300.33,73,4,5.29,PH,1643936885
436,Visby,57.6409,18.296,275.4,93,100,5.66,SE,1643936886
437,Khyriv,49.5333,22.8524,271.76,87,100,3.21,UA,1643936886
438,Kloulklubed,7.0419,134.2556,302.43,79,39,9.73,PW,1643936887
439,Mwingi,-0.9344,38.0601,291.79,75,100,1.12,KE,1643936887
440,Outlook,51.5001,-107.0513,248.84,97,100,3.64,CA,1643936762
441,Borisoglebskiy,57.2586,39.1508,257.95,96,100,1.25,RU,1643936888
442,Nova Olimpia,-14.7972,-57.2881,295.91,90,100,1.8,BR,1643936888
443,Hinton,53.4001,-117.5857,268.21,96,100,1.6,CA,1643936889
444,Ushtobe,45.2514,77.9838,264.36,91,75,2.59,KZ,1643936889
445,Kozhevnikovo,56.2589,83.9714,261.07,96,30,3.04,RU,1643936890
446,Saint-Francois,46.4154,3.9054,278.38,87,100,1.54,FR,1643936891
447,Neiafu,-18.65,-173.9833,300.53,89,75,3.09,TO,1643936891
448,Faya,18.3851,42.4509,284.44,62,17,1.8,SA,1643936892
449,Greymouth,-42.4667,171.2,290.66,97,100,4.14,NZ,1643936893
450,Evanston,42.0411,-87.6901,269.32,72,100,1.34,US,1643936830
451,Half Moon Bay,37.4636,-122.4286,290.19,68,0,1.34,US,1643936786
452,Uruzgan,32.8333,66.0,271.03,35,0,4.19,AF,1643936894
453,Spassk-Dalniy,44.5978,132.8211,256.49,85,91,1.83,RU,1643936894
454,Bilibino,68.0546,166.4372,253.17,68,0,1.8,RU,1643936895
455,Beringovskiy,63.05,179.3167,255.96,77,100,8.46,RU,1643936829
456,Bouloupari,-21.8667,166.05,305.1,83,99,2.88,NC,1643936895
457,Jackson,42.4165,-122.8345,285.68,48,0,0.0,US,1643936733
458,Celestun,20.8667,-90.4,299.02,72,0,3.26,MX,1643936896
459,Karratha,-20.7377,116.8463,305.24,46,67,3.99,AU,1643936896
460,Hervey Bay,-25.2986,152.8535,298.16,79,100,4.92,AU,1643936743
461,Mackay,-21.15,149.2,301.31,71,100,3.15,AU,1643936740
462,Desaguadero,-16.5656,-69.0417,281.89,77,74,3.3,PE,1643936725
463,Agde,43.3108,3.4758,281.98,81,0,3.09,FR,1643936898
464,Mariental,-24.6333,17.9667,298.59,40,100,4.5,NA,1643936898
465,Rio Tuba,8.5061,117.4317,300.63,69,7,1.77,PH,1643936899
466,Padang,-0.9492,100.3543,297.18,83,93,1.41,ID,1643936899
467,Ano Mera,37.45,25.4,283.51,65,94,16.78,GR,1643936900
468,Mbanza-Ngungu,-5.25,14.8667,292.74,96,100,1.52,CD,1643936900
469,Imeni Poliny Osipenko,52.4201,136.4853,252.04,93,100,0.86,RU,1643936901
470,Occhiobello,44.9207,11.5802,281.59,86,100,0.45,IT,1643936901
471,Daoukro,7.0591,-3.9631,293.14,20,0,0.34,CI,1643936902
472,La Palma,33.8464,-118.0467,293.1,41,0,0.89,US,1643936902
473,Seoul,37.5683,126.9778,270.88,38,8,4.52,KR,1643936902
474,Twin Falls,42.3505,-114.6445,265.34,86,20,1.54,US,1643936814
475,Fukue,32.6881,128.8419,280.45,55,56,8.4,JP,1643936903
476,Binzhou,37.3667,118.0167,270.83,38,58,5.59,CN,1643936759
477,Jonkoping,57.7814,14.1562,277.25,100,75,3.6,SE,1643936904
478,Maniitsoq,65.4167,-52.9,262.2,82,100,10.43,GL,1643936666
479,Milkovo,54.7167,158.6167,267.14,87,100,5.77,RU,1643936905
480,Balakhta,55.38,91.6,250.43,100,100,0.33,RU,1643936905
481,Drawsko Pomorskie,53.5306,15.8097,279.2,99,100,3.2,PL,1643936906
482,Campo Bom,-29.6789,-51.0533,302.55,73,71,1.54,BR,1643936906
483,Oktyabrskiy,54.4815,53.471,272.19,97,100,5.05,RU,1643936907
484,La Macarena,2.1837,-73.7849,300.13,55,80,1.7,CO,1643936907
485,Cozumel,20.5083,-86.9458,299.14,85,20,1.79,MX,1643936908
486,Biak,-0.9131,122.8766,301.04,63,100,0.55,ID,1643936754
487,Morant Bay,17.8815,-76.4093,297.96,83,7,4.76,JM,1643936674
488,Buala,-8.145,159.5921,297.52,92,100,3.77,SB,1643936908
489,Pitimbu,-7.4706,-34.8086,300.48,76,100,5.75,BR,1643936746
490,Fatehpur,25.9333,80.8,284.93,97,11,2.85,IN,1643936909
491,Kumluca,36.3703,30.2869,280.19,75,100,3.53,TR,1643936909
492,Albanel,48.8832,-72.4487,252.37,88,100,2.14,CA,1643936910
493,Luwingu,-10.2621,29.9271,290.22,96,99,3.14,ZM,1643936911
494,Champerico,14.3,-91.9167,300.8,66,23,2.75,GT,1643936911
495,Axim,4.8699,-2.2405,299.16,85,0,2.68,GH,1643936912
496,Poli,-3.3333,36.8,289.79,71,100,1.73,TZ,1643936912
497,Bay City,43.5945,-83.8889,263.46,65,0,3.13,US,1643936708
498,Jedrzejow,50.6394,20.3045,274.37,99,100,4.53,PL,1643936913
499,Acajutla,13.5928,-89.8275,299.15,76,0,1.97,SV,1643936913
500,Jasper,37.2001,-94.3502,265.27,76,100,3.13,US,1643936914
501,Port Pirie,-33.1833,138.0167,295.82,32,0,3.6,AU,1643936914
502,Shahrud,36.4182,54.9763,275.99,55,100,1.41,IR,1643936766
503,Gritsovskiy,54.1376,38.1604,261.87,96,100,2.13,RU,1643936915
504,Baie-Saint-Paul,47.4411,-70.4986,263.14,52,100,5.81,CA,1643936915
505,Tilichiki,60.4667,166.1,257.33,78,100,4.81,RU,1643936916
506,Asau,46.4333,26.4,269.79,83,22,2.61,RO,1643936916
507,Turinsk,58.0458,63.696,268.33,95,100,3.25,RU,1643936917
508,Surgut,61.25,73.4167,268.25,92,100,5.81,RU,1643936917
509,Key West,24.5557,-81.7826,297.04,88,0,7.2,US,1643936664
510,Sabang,5.8933,95.3214,301.02,71,87,5.72,ID,1643936918
511,Bolshaya Dzhalga,45.9695,42.6966,275.64,85,99,1.56,RU,1643936918
512,Aswan,24.0934,32.907,285.25,33,0,3.68,EG,1643936919
513,Vangaindrano,-23.35,47.6,297.13,91,80,3.36,MG,1643936919
514,Amahai,-3.3333,128.9167,302.21,63,100,1.02,ID,1643936920
515,Kushmurun,52.4503,64.6311,263.04,84,100,6.2,KZ,1643936941
516,Aksarka,66.5606,67.7975,246.55,100,98,0.87,RU,1643936942
517,Balkanabat,39.5108,54.3671,283.26,30,4,2.22,TM,1643936942
518,Poum,-20.2333,164.0167,301.47,83,71,7.35,NC,1643936943
519,Constitucion,-35.3333,-72.4167,287.69,95,24,2.27,CL,1643936756
520,Saint Anthony,45.0205,-93.218,256.09,61,0,0.0,US,1643936944
521,Sibolga,1.7427,98.7792,297.99,84,72,0.99,ID,1643936890
522,Camacha,33.0833,-16.3333,290.11,94,20,3.6,PT,1643936944
523,Mayahi,13.9553,7.6712,287.62,18,0,7.37,NE,1643936945
524,Almazar,40.3217,69.0106,275.99,58,0,7.83,UZ,1643936945
525,Myitkyina,25.3833,97.4,284.6,80,78,1.49,MM,1643936946
526,Goleta,36.8181,10.305,284.15,93,20,2.06,TN,1643936764
527,Fairbanks,64.8378,-147.7164,256.49,52,100,4.12,US,1643936892
528,Hamadan,34.7992,48.5146,277.48,63,62,3.95,IR,1643936947
529,Shingu,33.7333,135.9833,279.21,40,87,1.86,JP,1643936948
530,Acari,-15.4311,-74.6158,296.55,71,49,2.05,PE,1643936948
531,Pangnirtung,66.1451,-65.7125,248.24,99,100,2.18,CA,1643936949
532,Cockburn Town,21.4612,-71.1419,297.44,71,0,9.42,TC,1643936949
533,Swift Current,50.2834,-107.8014,250.6,77,0,8.23,CA,1643936895
534,Lotofaga,-13.9764,-171.8578,305.03,77,98,7.52,WS,1643936950
